lu_id,smiles_canonical,inchikey,leaving_group,delta_g_kJmol,dg_kcal,EA,ESP1,ESP2,exp_dg_kcal,status,delta_g_qh_kcal,delta_g_kcal,delta_e_kcal,n_imag_ts,ts_imag_freq_cm
17,O=[N+]([O-])c1ccc(Cl)nc1,BAZVFQBTJPBRTJ-UHFFFAOYSA-N,Cl,64.02920171453906,15.303,123.213899,105.29860248,196.45750248,15.303346490090595,completed,16.695226205735782,16.424329483718097,2.7931032238686244,1,-300.89717036947684
1,O=[N+]([O-])c1ccc(Br)nc1,HUUFTVUBFFESEN-UHFFFAOYSA-N,Br,64.355522190595,15.381,127.819223510728,98.66010072,200.29841448,15.38133895568714,completed,16.853295486389474,16.72252945803086,2.886837481577008,1,-335.8935475534502
22,N#Cc1ccc(Cl)nc1,ORIQLMBUPMABDV-UHFFFAOYSA-N,Cl,70.61153609149804,16.877,46.31376,96.6769684,163.09805208,16.876562163359953,completed,19.99656803543303,19.761913273580834,6.016720403101928,1,-304.16333523017977
3,N#Cc1ccc(Br)nc1,XHYGUDGTUJPSNX-UHFFFAOYSA-N,Br,72.2834736083141,17.276,52.78128361014872,90.67602456,166.99519704000002,17.276164820342757,completed,19.89511413337169,19.68249115453196,5.918238469694277,1,-334.91305833288936
66,Fc1ccnc(Cl)c1,FGSAQRJRWCZLOB-UHFFFAOYSA-N,F,72.59537568126132,17.351,-56.87619188990183,84.42312024,44.08274952,17.35071120489037,completed,25.651741716798288,25.317176237098668,11.814645399123437,1,-324.6252358330757
27,N#Cc1ccnc(Cl)c1,QRXBTPFMCTXCRD-UHFFFAOYSA-N,Cl,73.16535127079887,17.487,69.85658799999999,91.93076432,149.60327136,17.486938640248294,completed,23.198088522920113,22.814096828454716,9.630729313076143,1,-346.57226163716945
31,FC(F)(F)c1ccc(Cl)nc1,JFZJMSDDOOAOIV-UHFFFAOYSA-N,Cl,74.69677250986481,17.853,0.5789219999999999,80.54329704,117.44998448,17.85295710082811,completed,21.878585427427264,21.6034928732983,8.201698023558102,1,-332.3074670031474
67,Fc1cccc(Cl)n1,LXOHKRGLGLETIJ-UHFFFAOYSA-N,F,74.98609266278805,17.922,-39.71115459002033,80.2464004,44.11873192,17.922106276956992,completed,26.5227951733809,26.17933226894863,12.735451445998008,1,-336.3142684021924
8,O=[N+]([O-])c1ccc(Br)cc1,ZDFBKZUDCQQKAC-UHFFFAOYSA-N,Br,78.61433947026778,18.789,101.576689250247,72.671896,212.6708372,18.789278076067824,completed,22.946828563742457,22.897045619534516,9.0898872606502,1,-383.0764538106682
69,Fc1cccnc1Cl,SVAZIMBLBHOVIR-UHFFFAOYSA-N,F,79.39907799580182,18.977,-40.24279796027957,79.83456928,166.12848144,18.976835085038676,completed,26.595350472801748,26.285807526764323,12.589739391464692,1,-275.7271887857577
72,Fc1ccc(Cl)nc1,QOGXQLSFJCIDNY-UHFFFAOYSA-N,F,82.16081137892843,19.637,-32.00956225011513,78.99458944,175.28378472,19.63690520528882,completed,30.756881415859947,30.53231283621073,16.39814297837696,1,-293.1707138372875
48,Clc1cc(N2CCCC2)ncn1,DJVYVHPCLCIYDY-UHFFFAOYSA-N,Cl,82.38839428409001,19.691,-56.92732999999999,22.65284544,-161.212658,19.691298825069314,error,,,,1,-333.60282920345026
11,Brc1ccccn1,IMRWILPUOVGIMU-UHFFFAOYSA-N,Br,86.21869849063673,20.607,-54.032720000000005,35.530193280000006,-11.394914800000002,20.606763501586215,completed,25.338571002929104,25.095512371225023,11.957732128100439,1,-375.9307988340725
57,CC(C)Oc1cccc(Cl)n1,KDBNSRRLAJSKEF-UHFFFAOYSA-N,Cl,89.15608165101224,21.309,-68.50577,25.20332816,-38.783671680000005,21.308814926150152,completed,26.883830482730225,26.48396439589691,13.502956446626126,1,-367.9423827309404
12,Cc1ccc(Br)nc1,YWNJQQNBJQUKME-UHFFFAOYSA-N,Br,90.2220009793165,21.564,-56.92732999999999,24.36711392,-17.195779759999994,21.56357575987488,completed,26.628530294666895,26.497132610651462,13.196486310789004,1,-380.55814396167807
74,Fc1ccc(Cl)cc1,RJCGZNCCVKIBHO-UHFFFAOYSA-N,F,91.23120172022765,21.805,-82.89777091999753,42.115767440000006,68.86228032000001,21.804780525867027,completed,31.616494215447783,31.31770855020376,17.733236721810442,1,-254.044315584672
14,COc1ccc(Br)nc1,WULVUFYZVYHTFX-UHFFFAOYSA-N,Br,94.91299301711096,22.685,-53.89956793962888,19.0579108,-8.789621679999996,22.684749765083883,completed,29.00087735536092,28.54650214094929,15.863658742400245,1,-395.004551871798
65,COc1ccc(Cl)nc1,ZXGHKJHRHVDMSW-UHFFFAOYSA-N,Cl,95.61490606374971,22.853,-58.27814799993822,24.216782800000004,-15.542053759999998,22.852511009500407,completed,31.206518967009305,30.72103397741531,18.214814815172122,1,-406.7319447207277
